"Status","Start Time","Stop Time","Duration in ms","Parent Suite","Suite","Sub Suite","Test Class","Test Method","Name","Description"
"passed","Sun Mar 15 22:03:40 UTC 2026","Sun Mar 15 22:04:08 UTC 2026","27553","","Tracking search","","Search tracking id","","Search tracking id",""
"passed","Sun Mar 15 22:03:12 UTC 2026","Sun Mar 15 22:03:40 UTC 2026","28298","","Tracking search","","Search tracking id","","Search tracking id",""
"passed","Sun Mar 15 22:01:49 UTC 2026","Sun Mar 15 22:01:58 UTC 2026","9062","","Online Book","","Book Online Parcel","","Book Online Parcel",""
"passed","Sun Mar 15 22:02:15 UTC 2026","Sun Mar 15 22:02:44 UTC 2026","29093","","Tracking search","","Search tracking id","","Search tracking id",""
"passed","Sun Mar 15 22:02:04 UTC 2026","Sun Mar 15 22:02:10 UTC 2026","5363","","Express Shipping Tests","","Verify working callback form","","Verify working callback form",""
"passed","Sun Mar 15 22:01:58 UTC 2026","Sun Mar 15 22:02:04 UTC 2026","6345","","Express Shipping Tests","","Verify working callback form","","Verify working callback form",""
"passed","Sun Mar 15 22:02:44 UTC 2026","Sun Mar 15 22:03:12 UTC 2026","27397","","Tracking search","","Search tracking id","","Search tracking id",""
"passed","Sun Mar 15 22:01:31 UTC 2026","Sun Mar 15 22:01:49 UTC 2026","18136","","Online Book","","Book Online Parcel","","Book Online Parcel",""
"passed","Sun Mar 15 22:02:10 UTC 2026","Sun Mar 15 22:02:15 UTC 2026","5703","","Express Shipping Tests","","Verify working callback form","","Verify working callback form",""
"passed","Sun Mar 15 22:04:08 UTC 2026","Sun Mar 15 22:04:35 UTC 2026","27781","","Tracking search","","Search tracking id","","Search tracking id",""
